dataset,file_name,image_path
aaai,002.png,/Users/ashutosh/Downloads/GeoS/aaai/002.png
aaai,016.png,/Users/ashutosh/Downloads/GeoS/aaai/016.png
aaai,017.png,/Users/ashutosh/Downloads/GeoS/aaai/017.png
aaai,003.png,/Users/ashutosh/Downloads/GeoS/aaai/003.png
aaai,029.png,/Users/ashutosh/Downloads/GeoS/aaai/029.png
aaai,015.png,/Users/ashutosh/Downloads/GeoS/aaai/015.png
aaai,001.png,/Users/ashutosh/Downloads/GeoS/aaai/001.png
aaai,000.png,/Users/ashutosh/Downloads/GeoS/aaai/000.png
aaai,014.png,/Users/ashutosh/Downloads/GeoS/aaai/014.png
aaai,028.png,/Users/ashutosh/Downloads/GeoS/aaai/028.png
aaai,010.png,/Users/ashutosh/Downloads/GeoS/aaai/010.png
aaai,004.png,/Users/ashutosh/Downloads/GeoS/aaai/004.png
aaai,038.png,/Users/ashutosh/Downloads/GeoS/aaai/038.png
aaai,039.png,/Users/ashutosh/Downloads/GeoS/aaai/039.png
aaai,005.png,/Users/ashutosh/Downloads/GeoS/aaai/005.png
aaai,011.png,/Users/ashutosh/Downloads/GeoS/aaai/011.png
aaai,007.png,/Users/ashutosh/Downloads/GeoS/aaai/007.png
aaai,013.png,/Users/ashutosh/Downloads/GeoS/aaai/013.png
aaai,012.png,/Users/ashutosh/Downloads/GeoS/aaai/012.png
aaai,006.png,/Users/ashutosh/Downloads/GeoS/aaai/006.png
aaai,049.png,/Users/ashutosh/Downloads/GeoS/aaai/049.png
aaai,061.png,/Users/ashutosh/Downloads/GeoS/aaai/061.png
aaai,060.png,/Users/ashutosh/Downloads/GeoS/aaai/060.png
aaai,048.png,/Users/ashutosh/Downloads/GeoS/aaai/048.png
aaai,062.png,/Users/ashutosh/Downloads/GeoS/aaai/062.png
aaai,063.png,/Users/ashutosh/Downloads/GeoS/aaai/063.png
aaai,064.png,/Users/ashutosh/Downloads/GeoS/aaai/064.png
aaai,058.png,/Users/ashutosh/Downloads/GeoS/aaai/058.png
aaai,059.png,/Users/ashutosh/Downloads/GeoS/aaai/059.png
aaai,065.png,/Users/ashutosh/Downloads/GeoS/aaai/065.png
aaai,040.png,/Users/ashutosh/Downloads/GeoS/aaai/040.png
aaai,054.png,/Users/ashutosh/Downloads/GeoS/aaai/054.png
aaai,055.png,/Users/ashutosh/Downloads/GeoS/aaai/055.png
aaai,041.png,/Users/ashutosh/Downloads/GeoS/aaai/041.png
aaai,057.png,/Users/ashutosh/Downloads/GeoS/aaai/057.png
aaai,043.png,/Users/ashutosh/Downloads/GeoS/aaai/043.png
aaai,042.png,/Users/ashutosh/Downloads/GeoS/aaai/042.png
aaai,056.png,/Users/ashutosh/Downloads/GeoS/aaai/056.png
aaai,052.png,/Users/ashutosh/Downloads/GeoS/aaai/052.png
aaai,046.png,/Users/ashutosh/Downloads/GeoS/aaai/046.png
aaai,047.png,/Users/ashutosh/Downloads/GeoS/aaai/047.png
aaai,053.png,/Users/ashutosh/Downloads/GeoS/aaai/053.png
aaai,045.png,/Users/ashutosh/Downloads/GeoS/aaai/045.png
aaai,051.png,/Users/ashutosh/Downloads/GeoS/aaai/051.png
aaai,050.png,/Users/ashutosh/Downloads/GeoS/aaai/050.png
aaai,044.png,/Users/ashutosh/Downloads/GeoS/aaai/044.png
aaai,023.png,/Users/ashutosh/Downloads/GeoS/aaai/023.png
aaai,037.png,/Users/ashutosh/Downloads/GeoS/aaai/037.png
aaai,036.png,/Users/ashutosh/Downloads/GeoS/aaai/036.png
aaai,022.png,/Users/ashutosh/Downloads/GeoS/aaai/022.png
aaai,008.png,/Users/ashutosh/Downloads/GeoS/aaai/008.png
aaai,034.png,/Users/ashutosh/Downloads/GeoS/aaai/034.png
aaai,020.png,/Users/ashutosh/Downloads/GeoS/aaai/020.png
aaai,021.png,/Users/ashutosh/Downloads/GeoS/aaai/021.png
aaai,035.png,/Users/ashutosh/Downloads/GeoS/aaai/035.png
aaai,009.png,/Users/ashutosh/Downloads/GeoS/aaai/009.png
aaai,031.png,/Users/ashutosh/Downloads/GeoS/aaai/031.png
aaai,025.png,/Users/ashutosh/Downloads/GeoS/aaai/025.png
aaai,019.png,/Users/ashutosh/Downloads/GeoS/aaai/019.png
aaai,018.png,/Users/ashutosh/Downloads/GeoS/aaai/018.png
aaai,024.png,/Users/ashutosh/Downloads/GeoS/aaai/024.png
aaai,030.png,/Users/ashutosh/Downloads/GeoS/aaai/030.png
aaai,026.png,/Users/ashutosh/Downloads/GeoS/aaai/026.png
aaai,032.png,/Users/ashutosh/Downloads/GeoS/aaai/032.png
aaai,033.png,/Users/ashutosh/Downloads/GeoS/aaai/033.png
aaai,027.png,/Users/ashutosh/Downloads/GeoS/aaai/027.png
official,002.png,/Users/ashutosh/Downloads/GeoS/official/002.png
official,016.png,/Users/ashutosh/Downloads/GeoS/official/016.png
official,017.png,/Users/ashutosh/Downloads/GeoS/official/017.png
official,003.png,/Users/ashutosh/Downloads/GeoS/official/003.png
official,029.png,/Users/ashutosh/Downloads/GeoS/official/029.png
official,015.png,/Users/ashutosh/Downloads/GeoS/official/015.png
official,001.png,/Users/ashutosh/Downloads/GeoS/official/001.png
official,000.png,/Users/ashutosh/Downloads/GeoS/official/000.png
official,014.png,/Users/ashutosh/Downloads/GeoS/official/014.png
official,028.png,/Users/ashutosh/Downloads/GeoS/official/028.png
official,010.png,/Users/ashutosh/Downloads/GeoS/official/010.png
official,004.png,/Users/ashutosh/Downloads/GeoS/official/004.png
official,038.png,/Users/ashutosh/Downloads/GeoS/official/038.png
official,039.png,/Users/ashutosh/Downloads/GeoS/official/039.png
official,005.png,/Users/ashutosh/Downloads/GeoS/official/005.png
official,011.png,/Users/ashutosh/Downloads/GeoS/official/011.png
official,007.png,/Users/ashutosh/Downloads/GeoS/official/007.png
official,013.png,/Users/ashutosh/Downloads/GeoS/official/013.png
official,012.png,/Users/ashutosh/Downloads/GeoS/official/012.png
official,006.png,/Users/ashutosh/Downloads/GeoS/official/006.png
official,049.png,/Users/ashutosh/Downloads/GeoS/official/049.png
official,048.png,/Users/ashutosh/Downloads/GeoS/official/048.png
official,040.png,/Users/ashutosh/Downloads/GeoS/official/040.png
official,054.png,/Users/ashutosh/Downloads/GeoS/official/054.png
official,041.png,/Users/ashutosh/Downloads/GeoS/official/041.png
official,043.png,/Users/ashutosh/Downloads/GeoS/official/043.png
official,042.png,/Users/ashutosh/Downloads/GeoS/official/042.png
official,052.png,/Users/ashutosh/Downloads/GeoS/official/052.png
official,046.png,/Users/ashutosh/Downloads/GeoS/official/046.png
official,047.png,/Users/ashutosh/Downloads/GeoS/official/047.png
official,053.png,/Users/ashutosh/Downloads/GeoS/official/053.png
official,045.png,/Users/ashutosh/Downloads/GeoS/official/045.png
official,051.png,/Users/ashutosh/Downloads/GeoS/official/051.png
official,050.png,/Users/ashutosh/Downloads/GeoS/official/050.png
official,044.png,/Users/ashutosh/Downloads/GeoS/official/044.png
official,023.png,/Users/ashutosh/Downloads/GeoS/official/023.png
official,037.png,/Users/ashutosh/Downloads/GeoS/official/037.png
official,036.png,/Users/ashutosh/Downloads/GeoS/official/036.png
official,022.png,/Users/ashutosh/Downloads/GeoS/official/022.png
official,008.png,/Users/ashutosh/Downloads/GeoS/official/008.png
official,034.png,/Users/ashutosh/Downloads/GeoS/official/034.png
official,020.png,/Users/ashutosh/Downloads/GeoS/official/020.png
official,021.png,/Users/ashutosh/Downloads/GeoS/official/021.png
official,035.png,/Users/ashutosh/Downloads/GeoS/official/035.png
official,009.png,/Users/ashutosh/Downloads/GeoS/official/009.png
official,031.png,/Users/ashutosh/Downloads/GeoS/official/031.png
official,025.png,/Users/ashutosh/Downloads/GeoS/official/025.png
official,019.png,/Users/ashutosh/Downloads/GeoS/official/019.png
official,018.png,/Users/ashutosh/Downloads/GeoS/official/018.png
official,024.png,/Users/ashutosh/Downloads/GeoS/official/024.png
official,030.png,/Users/ashutosh/Downloads/GeoS/official/030.png
official,026.png,/Users/ashutosh/Downloads/GeoS/official/026.png
official,032.png,/Users/ashutosh/Downloads/GeoS/official/032.png
official,033.png,/Users/ashutosh/Downloads/GeoS/official/033.png
official,027.png,/Users/ashutosh/Downloads/GeoS/official/027.png
practice,002.png,/Users/ashutosh/Downloads/GeoS/practice/002.png
practice,016.png,/Users/ashutosh/Downloads/GeoS/practice/016.png
practice,017.png,/Users/ashutosh/Downloads/GeoS/practice/017.png
practice,003.png,/Users/ashutosh/Downloads/GeoS/practice/003.png
practice,029.png,/Users/ashutosh/Downloads/GeoS/practice/029.png
practice,015.png,/Users/ashutosh/Downloads/GeoS/practice/015.png
practice,001.png,/Users/ashutosh/Downloads/GeoS/practice/001.png
practice,000.png,/Users/ashutosh/Downloads/GeoS/practice/000.png
practice,014.png,/Users/ashutosh/Downloads/GeoS/practice/014.png
practice,028.png,/Users/ashutosh/Downloads/GeoS/practice/028.png
practice,010.png,/Users/ashutosh/Downloads/GeoS/practice/010.png
practice,004.png,/Users/ashutosh/Downloads/GeoS/practice/004.png
practice,038.png,/Users/ashutosh/Downloads/GeoS/practice/038.png
practice,039.png,/Users/ashutosh/Downloads/GeoS/practice/039.png
practice,005.png,/Users/ashutosh/Downloads/GeoS/practice/005.png
practice,011.png,/Users/ashutosh/Downloads/GeoS/practice/011.png
practice,007.png,/Users/ashutosh/Downloads/GeoS/practice/007.png
practice,013.png,/Users/ashutosh/Downloads/GeoS/practice/013.png
practice,012.png,/Users/ashutosh/Downloads/GeoS/practice/012.png
practice,006.png,/Users/ashutosh/Downloads/GeoS/practice/006.png
practice,049.png,/Users/ashutosh/Downloads/GeoS/practice/049.png
practice,061.png,/Users/ashutosh/Downloads/GeoS/practice/061.png
practice,060.png,/Users/ashutosh/Downloads/GeoS/practice/060.png
practice,048.png,/Users/ashutosh/Downloads/GeoS/practice/048.png
practice,062.png,/Users/ashutosh/Downloads/GeoS/practice/062.png
practice,063.png,/Users/ashutosh/Downloads/GeoS/practice/063.png
practice,058.png,/Users/ashutosh/Downloads/GeoS/practice/058.png
practice,059.png,/Users/ashutosh/Downloads/GeoS/practice/059.png
practice,040.png,/Users/ashutosh/Downloads/GeoS/practice/040.png
practice,054.png,/Users/ashutosh/Downloads/GeoS/practice/054.png
practice,055.png,/Users/ashutosh/Downloads/GeoS/practice/055.png
practice,041.png,/Users/ashutosh/Downloads/GeoS/practice/041.png
practice,057.png,/Users/ashutosh/Downloads/GeoS/practice/057.png
practice,043.png,/Users/ashutosh/Downloads/GeoS/practice/043.png
practice,042.png,/Users/ashutosh/Downloads/GeoS/practice/042.png
practice,056.png,/Users/ashutosh/Downloads/GeoS/practice/056.png
practice,052.png,/Users/ashutosh/Downloads/GeoS/practice/052.png
practice,046.png,/Users/ashutosh/Downloads/GeoS/practice/046.png
practice,047.png,/Users/ashutosh/Downloads/GeoS/practice/047.png
practice,053.png,/Users/ashutosh/Downloads/GeoS/practice/053.png
practice,045.png,/Users/ashutosh/Downloads/GeoS/practice/045.png
practice,051.png,/Users/ashutosh/Downloads/GeoS/practice/051.png
practice,050.png,/Users/ashutosh/Downloads/GeoS/practice/050.png
practice,044.png,/Users/ashutosh/Downloads/GeoS/practice/044.png
practice,023.png,/Users/ashutosh/Downloads/GeoS/practice/023.png
practice,037.png,/Users/ashutosh/Downloads/GeoS/practice/037.png
practice,036.png,/Users/ashutosh/Downloads/GeoS/practice/036.png
practice,022.png,/Users/ashutosh/Downloads/GeoS/practice/022.png
practice,008.png,/Users/ashutosh/Downloads/GeoS/practice/008.png
practice,034.png,/Users/ashutosh/Downloads/GeoS/practice/034.png
practice,020.png,/Users/ashutosh/Downloads/GeoS/practice/020.png
practice,021.png,/Users/ashutosh/Downloads/GeoS/practice/021.png
practice,035.png,/Users/ashutosh/Downloads/GeoS/practice/035.png
practice,009.png,/Users/ashutosh/Downloads/GeoS/practice/009.png
practice,031.png,/Users/ashutosh/Downloads/GeoS/practice/031.png
practice,025.png,/Users/ashutosh/Downloads/GeoS/practice/025.png
practice,019.png,/Users/ashutosh/Downloads/GeoS/practice/019.png
practice,018.png,/Users/ashutosh/Downloads/GeoS/practice/018.png
practice,024.png,/Users/ashutosh/Downloads/GeoS/practice/024.png
practice,030.png,/Users/ashutosh/Downloads/GeoS/practice/030.png
practice,026.png,/Users/ashutosh/Downloads/GeoS/practice/026.png
practice,032.png,/Users/ashutosh/Downloads/GeoS/practice/032.png
practice,033.png,/Users/ashutosh/Downloads/GeoS/practice/033.png
practice,027.png,/Users/ashutosh/Downloads/GeoS/practice/027.png
